{
  "backprop" : true,
  "backpropType" : "Standard",
  "defaultConfiguration" : {
    "iterationCount" : 0,
    "l1ByParam" : { },
    "l2ByParam" : { },
    "layer" : null,
    "leakyreluAlpha" : 0.0,
    "learningRateByParam" : { },
    "learningRatePolicy" : "None",
    "lrPolicyDecayRate" : "NaN",
    "lrPolicyPower" : "NaN",
    "lrPolicySteps" : "NaN",
    "maxNumLineSearchIterations" : 5,
    "miniBatch" : true,
    "minimize" : true,
    "numIterations" : 1,
    "optimizationAlgo" : "STOCHASTIC_GRADIENT_DESCENT",
    "pretrain" : false,
    "seed" : 1524554177309,
    "stepFunction" : null,
    "useDropConnect" : false,
    "useRegularization" : true,
    "variables" : [ "cnn1_W", "cnn1_b", "cnn2_W", "cnn2_b", "cnn3_W", "cnn3_b", "out_W", "out_b" ]
  },
  "iterationCount" : 8040,
  "networkInputs" : [ "input" ],
  "networkOutputs" : [ "out" ],
  "pretrain" : false,
  "tbpttBackLength" : 20,
  "tbpttFwdLength" : 20,
  "vertexInputs" : {
    "cnn1" : [ "input" ],
    "cnn2" : [ "input" ],
    "cnn3" : [ "input" ],
    "merge" : [ "cnn1", "cnn2", "cnn3" ],
    "pooling" : [ "merge" ],
    "out" : [ "pooling" ]
  },
  "vertices" : {
    "cnn1" : {
      "LayerVertex" : {
        "layerConf" : {
          "iterationCount" : 0,
          "l1ByParam" : {
            "b" : 0.0,
            "W" : 0.0
          },
          "l2ByParam" : {
            "b" : 0.0,
            "W" : 1.0E-4
          },
          "layer" : {
            "convolution" : {
              "activationFn" : {
                "LReLU" : {
                  "alpha" : 0.01
                }
              },
              "adamMeanDecay" : 0.9,
              "adamVarDecay" : 0.999,
              "biasInit" : 0.0,
              "biasLearningRate" : 0.01,
              "convolutionMode" : "Same",
              "cudnnAlgoMode" : "PREFER_FASTEST",
              "dist" : null,
              "dropOut" : 0.0,
              "epsilon" : 1.0E-8,
              "gradientNormalization" : "None",
              "gradientNormalizationThreshold" : 1.0,
              "kernelSize" : [ 3, 110 ],
              "l1" : 0.0,
              "l1Bias" : 0.0,
              "l2" : 1.0E-4,
              "l2Bias" : 0.0,
              "layerName" : "cnn1",
              "learningRate" : 0.01,
              "learningRateSchedule" : null,
              "momentum" : "NaN",
              "momentumSchedule" : null,
              "nin" : 1,
              "nout" : 230,
              "padding" : [ 0, 0 ],
              "rho" : "NaN",
              "rmsDecay" : "NaN",
              "stride" : [ 1, 110 ],
              "updater" : "ADAM",
              "weightInit" : "RELU"
            }
          },
          "leakyreluAlpha" : 0.0,
          "learningRateByParam" : {
            "b" : 0.01,
            "W" : 0.01
          },
          "learningRatePolicy" : "None",
          "lrPolicyDecayRate" : "NaN",
          "lrPolicyPower" : "NaN",
          "lrPolicySteps" : "NaN",
          "maxNumLineSearchIterations" : 5,
          "miniBatch" : true,
          "minimize" : true,
          "numIterations" : 1,
          "optimizationAlgo" : "STOCHASTIC_GRADIENT_DESCENT",
          "pretrain" : false,
          "seed" : 1524554177309,
          "stepFunction" : null,
          "useDropConnect" : false,
          "useRegularization" : true,
          "variables" : [ "W", "b" ]
        },
        "outputVertex" : false,
        "preProcessor" : null
      }
    },
    "cnn2" : {
      "LayerVertex" : {
        "layerConf" : {
          "iterationCount" : 0,
          "l1ByParam" : {
            "b" : 0.0,
            "W" : 0.0
          },
          "l2ByParam" : {
            "b" : 0.0,
            "W" : 1.0E-4
          },
          "layer" : {
            "convolution" : {
              "activationFn" : {
                "LReLU" : {
                  "alpha" : 0.01
                }
              },
              "adamMeanDecay" : 0.9,
              "adamVarDecay" : 0.999,
              "biasInit" : 0.0,
              "biasLearningRate" : 0.01,
              "convolutionMode" : "Same",
              "cudnnAlgoMode" : "PREFER_FASTEST",
              "dist" : null,
              "dropOut" : 0.0,
              "epsilon" : 1.0E-8,
              "gradientNormalization" : "None",
              "gradientNormalizationThreshold" : 1.0,
              "kernelSize" : [ 3, 110 ],
              "l1" : 0.0,
              "l1Bias" : 0.0,
              "l2" : 1.0E-4,
              "l2Bias" : 0.0,
              "layerName" : "cnn2",
              "learningRate" : 0.01,
              "learningRateSchedule" : null,
              "momentum" : "NaN",
              "momentumSchedule" : null,
              "nin" : 1,
              "nout" : 230,
              "padding" : [ 0, 0 ],
              "rho" : "NaN",
              "rmsDecay" : "NaN",
              "stride" : [ 1, 110 ],
              "updater" : "ADAM",
              "weightInit" : "RELU"
            }
          },
          "leakyreluAlpha" : 0.0,
          "learningRateByParam" : {
            "b" : 0.01,
            "W" : 0.01
          },
          "learningRatePolicy" : "None",
          "lrPolicyDecayRate" : "NaN",
          "lrPolicyPower" : "NaN",
          "lrPolicySteps" : "NaN",
          "maxNumLineSearchIterations" : 5,
          "miniBatch" : true,
          "minimize" : true,
          "numIterations" : 1,
          "optimizationAlgo" : "STOCHASTIC_GRADIENT_DESCENT",
          "pretrain" : false,
          "seed" : 1524554177309,
          "stepFunction" : null,
          "useDropConnect" : false,
          "useRegularization" : true,
          "variables" : [ "W", "b" ]
        },
        "outputVertex" : false,
        "preProcessor" : null
      }
    },
    "cnn3" : {
      "LayerVertex" : {
        "layerConf" : {
          "iterationCount" : 0,
          "l1ByParam" : {
            "b" : 0.0,
            "W" : 0.0
          },
          "l2ByParam" : {
            "b" : 0.0,
            "W" : 1.0E-4
          },
          "layer" : {
            "convolution" : {
              "activationFn" : {
                "LReLU" : {
                  "alpha" : 0.01
                }
              },
              "adamMeanDecay" : 0.9,
              "adamVarDecay" : 0.999,
              "biasInit" : 0.0,
              "biasLearningRate" : 0.01,
              "convolutionMode" : "Same",
              "cudnnAlgoMode" : "PREFER_FASTEST",
              "dist" : null,
              "dropOut" : 0.0,
              "epsilon" : 1.0E-8,
              "gradientNormalization" : "None",
              "gradientNormalizationThreshold" : 1.0,
              "kernelSize" : [ 3, 110 ],
              "l1" : 0.0,
              "l1Bias" : 0.0,
              "l2" : 1.0E-4,
              "l2Bias" : 0.0,
              "layerName" : "cnn3",
              "learningRate" : 0.01,
              "learningRateSchedule" : null,
              "momentum" : "NaN",
              "momentumSchedule" : null,
              "nin" : 1,
              "nout" : 230,
              "padding" : [ 0, 0 ],
              "rho" : "NaN",
              "rmsDecay" : "NaN",
              "stride" : [ 1, 110 ],
              "updater" : "ADAM",
              "weightInit" : "RELU"
            }
          },
          "leakyreluAlpha" : 0.0,
          "learningRateByParam" : {
            "b" : 0.01,
            "W" : 0.01
          },
          "learningRatePolicy" : "None",
          "lrPolicyDecayRate" : "NaN",
          "lrPolicyPower" : "NaN",
          "lrPolicySteps" : "NaN",
          "maxNumLineSearchIterations" : 5,
          "miniBatch" : true,
          "minimize" : true,
          "numIterations" : 1,
          "optimizationAlgo" : "STOCHASTIC_GRADIENT_DESCENT",
          "pretrain" : false,
          "seed" : 1524554177309,
          "stepFunction" : null,
          "useDropConnect" : false,
          "useRegularization" : true,
          "variables" : [ "W", "b" ]
        },
        "outputVertex" : false,
        "preProcessor" : null
      }
    },
    "merge" : {
      "MergeVertex" : { }
    },
    "pooling" : {
      "LayerVertex" : {
        "layerConf" : {
          "iterationCount" : 0,
          "l1ByParam" : { },
          "l2ByParam" : { },
          "layer" : {
            "GlobalPooling" : {
              "activationFn" : {
                "LReLU" : {
                  "alpha" : 0.01
                }
              },
              "adamMeanDecay" : 0.0,
              "adamVarDecay" : 0.0,
              "biasInit" : 0.0,
              "biasLearningRate" : 0.0,
              "collapseDimensions" : true,
              "dist" : null,
              "dropOut" : 0.0,
              "epsilon" : 0.0,
              "gradientNormalization" : "None",
              "gradientNormalizationThreshold" : 1.0,
              "l1" : 0.0,
              "l1Bias" : 0.0,
              "l2" : 0.0,
              "l2Bias" : 0.0,
              "layerName" : "pooling",
              "learningRate" : 0.0,
              "learningRateSchedule" : null,
              "momentum" : 0.0,
              "momentumSchedule" : null,
              "pnorm" : 2,
              "poolingDimensions" : null,
              "poolingType" : "MAX",
              "rho" : 0.0,
              "rmsDecay" : 0.0,
              "updater" : "ADAM",
              "weightInit" : "RELU"
            }
          },
          "leakyreluAlpha" : 0.0,
          "learningRateByParam" : { },
          "learningRatePolicy" : "None",
          "lrPolicyDecayRate" : "NaN",
          "lrPolicyPower" : "NaN",
          "lrPolicySteps" : "NaN",
          "maxNumLineSearchIterations" : 5,
          "miniBatch" : true,
          "minimize" : true,
          "numIterations" : 1,
          "optimizationAlgo" : "STOCHASTIC_GRADIENT_DESCENT",
          "pretrain" : false,
          "seed" : 1524554177309,
          "stepFunction" : null,
          "useDropConnect" : false,
          "useRegularization" : true,
          "variables" : [ ]
        },
        "outputVertex" : false,
        "preProcessor" : null
      }
    },
    "out" : {
      "LayerVertex" : {
        "layerConf" : {
          "iterationCount" : 0,
          "l1ByParam" : {
            "b" : 0.0,
            "W" : 0.0
          },
          "l2ByParam" : {
            "b" : 0.0,
            "W" : 1.0E-4
          },
          "layer" : {
            "output" : {
              "activationFn" : {
                "Softmax" : { }
              },
              "adamMeanDecay" : 0.9,
              "adamVarDecay" : 0.999,
              "biasInit" : 0.0,
              "biasLearningRate" : 0.01,
              "dist" : null,
              "dropOut" : 0.0,
              "epsilon" : 1.0E-8,
              "gradientNormalization" : "None",
              "gradientNormalizationThreshold" : 1.0,
              "l1" : 0.0,
              "l1Bias" : 0.0,
              "l2" : 1.0E-4,
              "l2Bias" : 0.0,
              "layerName" : "out",
              "learningRate" : 0.01,
              "learningRateSchedule" : null,
              "lossFn" : {
                "MCXENT" : { }
              },
              "lossFunction" : "MCXENT",
              "momentum" : "NaN",
              "momentumSchedule" : null,
              "nin" : 690,
              "nout" : 75,
              "rho" : "NaN",
              "rmsDecay" : "NaN",
              "updater" : "ADAM",
              "weightInit" : "RELU"
            }
          },
          "leakyreluAlpha" : 0.0,
          "learningRateByParam" : {
            "b" : 0.01,
            "W" : 0.01
          },
          "learningRatePolicy" : "None",
          "lrPolicyDecayRate" : "NaN",
          "lrPolicyPower" : "NaN",
          "lrPolicySteps" : "NaN",
          "maxNumLineSearchIterations" : 5,
          "miniBatch" : true,
          "minimize" : true,
          "numIterations" : 1,
          "optimizationAlgo" : "STOCHASTIC_GRADIENT_DESCENT",
          "pretrain" : false,
          "seed" : 1524554177309,
          "stepFunction" : null,
          "useDropConnect" : false,
          "useRegularization" : true,
          "variables" : [ "W", "b" ]
        },
        "outputVertex" : false,
        "preProcessor" : null
      }
    }
  }
}